Date,Time,D1_Counts,D2_Counts,Coincidences
2026-10-10,00:00:00,102,90,0
2026-10-10,00:05:00,112,97,3
2026-10-10,00:10:00,115,87,5
2026-10-10,00:15:00,94,76,2
2026-10-10,00:20:00,114,101,1
2026-10-10,00:25:00,102,93,1
2026-10-10,00:30:00,116,91,5
2026-10-10,00:35:00,93,111,3
2026-10-10,00:40:00,112,107,3
2026-10-10,00:45:00,99,114,1
2026-10-10,00:50:00,116,95,3
2026-10-10,00:55:00,129,102,3
2026-10-10,01:00:00,110,97,6
2026-10-10,01:05:00,105,92,4
2026-10-10,01:10:00,102,93,2
2026-10-10,01:15:00,100,103,3
2026-10-10,01:20:00,108,86,0
2026-10-10,01:25:00,114,86,1
2026-10-10,01:30:00,125,86,3
2026-10-10,01:35:00,115,90,1
2026-10-10,01:40:00,95,115,5
2026-10-10,01:45:00,125,115,3
2026-10-10,01:50:00,109,86,4
2026-10-10,01:55:00,95,104,1
2026-10-10,02:00:00,96,87,1
2026-10-10,02:05:00,109,103,2
2026-10-10,02:10:00,110,91,2
2026-10-10,02:15:00,95,100,4
2026-10-10,02:20:00,97,104,4
2026-10-10,02:25:00,117,94,4
2026-10-10,02:30:00,102,143,3
2026-10-10,02:35:00,108,88,1
2026-10-10,02:40:00,98,97,0
2026-10-10,02:45:00,100,134,2
2026-10-10,02:50:00,103,97,1
2026-10-10,02:55:00,105,106,4
2026-10-10,03:00:00,86,95,3
2026-10-10,03:05:00,99,106,0
2026-10-10,03:10:00,121,67,1
2026-10-10,03:15:00,107,84,1
2026-10-10,03:20:00,97,95,2
2026-10-10,03:25:00,94,83,2
2026-10-10,03:30:00,82,102,3
2026-10-10,03:35:00,109,113,7
